days since 1900-1-1, spei
1901-01-16, NA
1901-02-15, 0.89239
1901-03-16, -0.12554
1901-04-16, -0.71195
1901-05-16, 1.0969
1901-06-16, 1.0916
1901-07-16, -1.3159
1901-08-16, -0.85865
1901-09-16, 0.896
1901-10-16, 0.85904
1901-11-16, -0.37461
1901-12-16, -1.3761
1902-01-16, -1.474
1902-02-15, -0.061891
1902-03-16, 0.56327
1902-04-16, 0.50144
1902-05-16, 0.55418
1902-06-16, -0.44934
1902-07-16, -1.0509
1902-08-16, 0.56913
1902-09-16, -0.13023
1902-10-16, 0.27604
1902-11-16, 1.0959
1902-12-16, 0.20479
1903-01-16, -0.33564
1903-02-15, -0.39614
1903-03-16, 0.36264
1903-04-16, 1.0245
1903-05-16, 0.55862
1903-06-16, -0.71789
1903-07-16, -0.24573
1903-08-16, -0.065666
1903-09-16, -0.65268
1903-10-16, -1.4704
1903-11-16, -1.4997
1903-12-16, -1.5588
1904-01-16, -1.7345
1904-02-15, -0.22553
1904-03-16, 0.90261
1904-04-16, 0.88488
1904-05-16, -0.21419
1904-06-16, -1.549
1904-07-16, -1.247
1904-08-16, -1.0398
1904-09-16, 0.96779
1904-10-16, 1.3846
1904-11-16, -0.84609
1904-12-16, -1.0043
1905-01-16, -0.4861
1905-02-15, 0.37554
1905-03-16, 1.0595
1905-04-16, 0.65952
1905-05-16, 0.52511
1905-06-16, 1.4702
1905-07-16, -0.36737
1905-08-16, -1.1329
1905-09-16, -0.93171
1905-10-16, -1.1895
1905-11-16, -0.26473
1905-12-16, -0.5723
1906-01-16, -0.60202
1906-02-15, -0.0094509
1906-03-16, 1.4147
1906-04-16, 1.6326
1906-05-16, 0.70296
1906-06-16, 1.3315
1906-07-16, -0.82631
1906-08-16, -0.26218
1906-09-16, -0.11272
1906-10-16, -1.7711
1906-11-16, -1.2089
1906-12-16, 1.0943
1907-01-16, 1.7354
1907-02-15, 0.59893
1907-03-16, 0.32904
1907-04-16, 0.78067
1907-05-16, -0.35725
1907-06-16, 0.18443
1907-07-16, 0.054856
1907-08-16, 0.38685
1907-09-16, 0.56866
1907-10-16, 1.5945
1907-11-16, 0.18227
1907-12-16, -0.75378
1908-01-16, 0.35012
1908-02-15, 0.78961
1908-03-16, -0.20709
1908-04-16, -1.2785
1908-05-16, -0.29513
1908-06-16, 0.58015
1908-07-16, -0.22663
1908-08-16, -0.93145
1908-09-16, 1.5036
1908-10-16, 1.0197
1908-11-16, -0.25692
1908-12-16, -0.42349
1909-01-16, 1.4119
1909-02-15, 1.7614
1909-03-16, 1.2223
1909-04-16, 0.5048
1909-05-16, -0.61686
1909-06-16, 0.83356
1909-07-16, 1.4161
1909-08-16, 1.3678
1909-09-16, 0.74165
1909-10-16, 0.64699
1909-11-16, 0.84767
1909-12-16, 1.7838
1910-01-16, 1.264
1910-02-15, -0.68221
1910-03-16, -0.58063
1910-04-16, -0.098241
1910-05-16, -1.4024
1910-06-16, -0.53046
1910-07-16, 1.1418
1910-08-16, 1.2961
1910-09-16, 1.7095
1910-10-16, 1.0461
1910-11-16, -0.39828
1910-12-16, -0.94124
1911-01-16, 1.2495
1911-02-15, 1.4891
1911-03-16, 1.4069
1911-04-16, 1.6416
1911-05-16, 0.65225
1911-06-16, 1.194
1911-07-16, 1.7542
1911-08-16, 1.5656
1911-09-16, 1.514
1911-10-16, 0.70329
1911-11-16, -1.0389
1911-12-16, -0.76916
1912-01-16, -0.78749
1912-02-15, -1.699
1912-03-16, 0.52001
1912-04-16, 1.8057
1912-05-16, 1.4961
1912-06-16, 1.2855
1912-07-16, 1.2648
1912-08-16, 1.109
1912-09-16, 0.1001
1912-10-16, 0.22986
1912-11-16, -0.47741
1912-12-16, -1.4055
1913-01-16, -0.8332
1913-02-15, 0.40514
1913-03-16, -0.027125
1913-04-16, -0.72838
1913-05-16, 0.044845
1913-06-16, 1.4051
1913-07-16, 1.8579
1913-08-16, 1.232
1913-09-16, -0.3901
1913-10-16, -1.5001
1913-11-16, 0.67798
1913-12-16, 0.86128
1914-01-16, 1.8043
1914-02-15, 1.6585
1914-03-16, -0.35224
1914-04-16, -0.99586
1914-05-16, 0.22389
1914-06-16, 1.194
1914-07-16, 1.4314
1914-08-16, 1.3537
1914-09-16, 0.78459
1914-10-16, 0.46408
1914-11-16, -1.0678
1914-12-16, 0.21084
1915-01-16, 1.0469
1915-02-15, 1.4442
1915-03-16, 0.83759
1915-04-16, -0.011216
1915-05-16, 1.7046
1915-06-16, 1.4914
1915-07-16, 0.3294
1915-08-16, -0.2842
1915-09-16, -0.81935
1915-10-16, -1.207
1915-11-16, -1.3204
1915-12-16, -0.14709
1916-01-16, 1.5835
1916-02-15, 0.95501
1916-03-16, -0.73186
1916-04-16, -0.61393
1916-05-16, -0.82632
1916-06-16, 0.30657
1916-07-16, 0.81995
1916-08-16, 1.1815
1916-09-16, 2.042
1916-10-16, 2.4939
1916-11-16, 0.74055
1916-12-16, 0.93335
1917-01-16, 0.9015
1917-02-15, 0.12482
1917-03-16, -0.44527
1917-04-16, -0.95625
1917-05-16, 0.2139
1917-06-16, -0.39869
1917-07-16, -2.0384
1917-08-16, -0.30624
1917-09-16, -0.81935
1917-10-16, -1.8609
1917-11-16, -1.5099
1917-12-16, -1.676
1918-01-16, -1.7167
1918-02-15, 0.7416
1918-03-16, 1.7835
1918-04-16, 1.0558
1918-05-16, -0.52076
1918-06-16, -0.21226
1918-07-16, -0.068958
1918-08-16, 1.3106
1918-09-16, 2.0499
1918-10-16, 1.3009
1918-11-16, 0.89863
1918-12-16, 0.41892
1919-01-16, -1.059
1919-02-15, -0.57988
1919-03-16, 0.1691
1919-04-16, -0.26356
1919-05-16, -0.20588
1919-06-16, -0.1125
1919-07-16, -1.247
1919-08-16, -0.52019
1919-09-16, 0.46038
1919-10-16, 0.32178
1919-11-16, -0.93871
1919-12-16, -0.65793
1920-01-16, -0.88036
1920-02-15, -0.4374
1920-03-16, 0.73242
1920-04-16, 0.78264
1920-05-16, -0.2364
1920-06-16, -0.0088673
1920-07-16, 0.024124
1920-08-16, -0.88053
1920-09-16, -0.066192
1920-10-16, 0.58195
1920-11-16, 0.17985
1920-12-16, -0.34334
1921-01-16, 0.44563
1921-02-15, 0.094221
1921-03-16, -0.70875
1921-04-16, -0.50824
1921-05-16, 0.69039
1921-06-16, 1.5743
1921-07-16, -0.80695
1921-08-16, -1.1968
1921-09-16, -0.083611
1921-10-16, 0.036619
1921-11-16, -0.91756
1921-12-16, 0.9308
1922-01-16, 1.3621
1922-02-15, 0.78735
1922-03-16, 0.66793
1922-04-16, 0.32433
1922-05-16, -0.19207
1922-06-16, -0.41388
1922-07-16, -0.79403
1922-08-16, -1.1756
1922-09-16, -2.2427
1922-10-16, -0.98571
1922-11-16, 0.58803
1922-12-16, 1.1492
1923-01-16, 0.56637
1923-02-15, -0.88914
1923-03-16, -1.6165
1923-04-16, -0.12675
1923-05-16, 1.2493
1923-06-16, 0.14147
1923-07-16, 0.87899
1923-08-16, -0.036872
1923-09-16, 0.27284
1923-10-16, 0.010385
1923-11-16, -1.2349
1923-12-16, -1.3761
1924-01-16, -1.5026
1924-02-15, -1.8496
1924-03-16, -0.71205
1924-04-16, 0.24429
1924-05-16, -0.84118
1924-06-16, -1.7064
1924-07-16, -0.056474
1924-08-16, 0.40679
1924-09-16, -1.5447
1924-10-16, -0.029149
1924-11-16, 0.084135
1924-12-16, -0.58946
1925-01-16, -0.96143
1925-02-15, -1.0889
1925-03-16, -0.21333
1925-04-16, 0.548
1925-05-16, 1.0515
1925-06-16, 0.90823
1925-07-16, 0.079326
1925-08-16, 0.51794
1925-09-16, 0.26736
1925-10-16, 0.44406
1925-11-16, -0.13032
1925-12-16, -0.65327
1926-01-16, -0.74726
1926-02-15, -0.29376
1926-03-16, -0.60245
1926-04-16, 0.37177
1926-05-16, 1.4768
1926-06-16, -1.6142
1926-07-16, -1.2408
1926-08-16, -1.1897
1926-09-16, -0.68251
1926-10-16, -0.84647
1926-11-16, 1.4933
1926-12-16, 1.0186
1927-01-16, -0.46517
1927-02-15, 0.80388
1927-03-16, 0.93152
1927-04-16, -0.043132
1927-05-16, -0.54107
1927-06-16, -0.72295
1927-07-16, -0.20757
1927-08-16, -0.93145
1927-09-16, -0.23004
1927-10-16, 1.1645
1927-11-16, 0.85755
1927-12-16, 0.31434
1928-01-16, -0.78481
1928-02-15, -1.2007
1928-03-16, -0.44312
1928-04-16, -0.65094
1928-05-16, -0.95747
1928-06-16, -0.062991
1928-07-16, -0.43177
1928-08-16, -0.74879
1928-09-16, -1.9189
1928-10-16, -1.812
1928-11-16, 0.2926
1928-12-16, 0.56816
1929-01-16, -0.15723
1929-02-15, -0.79393
1929-03-16, -0.64181
1929-04-16, -0.017844
1929-05-16, -0.32047
1929-06-16, -1.563
1929-07-16, -0.59989
1929-08-16, -1.8097
1929-09-16, -1.6822
1929-10-16, -1.6012
1929-11-16, -2.1298
1929-12-16, -1.937
1930-01-16, -0.39754
1930-02-15, -0.10143
1930-03-16, -0.3842
1930-04-16, -0.073957
1930-05-16, 0.15334
1930-06-16, 0.92754
1930-07-16, -1.3346
1930-08-16, -1.8294
1930-09-16, -0.18296
1930-10-16, -0.64704
1930-11-16, -0.39565
1930-12-16, -1.0549
1931-01-16, -0.6219
1931-02-15, 0.20822
1931-03-16, -0.99656
1931-04-16, -1.6803
1931-05-16, -1.0293
1931-06-16, -0.13735
1931-07-16, -1.2971
1931-08-16, -2.6471
1931-09-16, -1.2859
1931-10-16, -1.3548
1931-11-16, 0.60321
1931-12-16, 2.1287
1932-01-16, 1.3791
1932-02-15, 0.52531
1932-03-16, -0.22375
1932-04-16, -1.3264
1932-05-16, -0.57015
1932-06-16, -0.64706
1932-07-16, -0.9614
1932-08-16, -0.69731
1932-09-16, -0.52729
1932-10-16, -0.75602
1932-11-16, -1.5985
1932-12-16, -0.93219
1933-01-16, 1.0509
1933-02-15, 0.3656
1933-03-16, -1.6043
1933-04-16, -1.2893
1933-05-16, -0.090964
1933-06-16, 0.92369
1933-07-16, -0.6258
1933-08-16, -1.7506
1933-09-16, -0.42584
1933-10-16, -0.2251
1933-11-16, -1.3847
1933-12-16, -0.34334
1934-01-16, -0.21483
1934-02-15, -0.51619
1934-03-16, -1.0555
1934-04-16, -2.2874
1934-05-16, -2.3144
1934-06-16, 0.074006
1934-07-16, 0.90319
1934-08-16, -1.1968
1934-09-16, -1.8496
1934-10-16, 0.51958
1934-11-16, 1.832
1934-12-16, 1.2681
1935-01-16, 0.86902
1935-02-15, 0.29219
1935-03-16, 0.21286
1935-04-16, 1.0814
1935-05-16, 1.143
1935-06-16, -0.7381
1935-07-16, -0.93574
1935-08-16, 0.23783
1935-09-16, -0.49146
1935-10-16, -0.4014
1935-11-16, -0.089407
1935-12-16, -0.67964
1936-01-16, -1.252
1936-02-15, 0.85994
1936-03-16, 1.0541
1936-04-16, -0.66727
1936-05-16, -0.84118
1936-06-16, -1.4123
1936-07-16, -1.6895
1936-08-16, -1.8619
1936-09-16, -1.7636
1936-10-16, 0.77315
1936-11-16, -0.12263
1936-12-16, 0.79688
1937-01-16, 1.3485
1937-02-15, 0.9222
1937-03-16, 1.1042
1937-04-16, 0.62152
1937-05-16, -0.93058
1937-06-16, -1.1956
1937-07-16, -1.2345
1937-08-16, -1.6242
1937-09-16, -1.5834
1937-10-16, -1.5213
1937-11-16, -1.4589
1937-12-16, 0.047325
1938-01-16, 0.2873
1938-02-15, 0.98521
1938-03-16, 2.0156
1938-04-16, 1.7927
1938-05-16, 0.39614
1938-06-16, -0.0088676
1938-07-16, 0.16413
1938-08-16, -0.38725
1938-09-16, -0.52728
1938-10-16, -0.63795
1938-11-16, -1.0704
1938-12-16, -0.33862
1939-01-16, 0.25148
1939-02-15, -0.31233
1939-03-16, -0.19359
1939-04-16, -0.18293
1939-05-16, -1.1404
1939-06-16, -0.884
1939-07-16, -0.99982
1939-08-16, -1.3719
1939-09-16, 0.50719
1939-10-16, 0.55869
1939-11-16, -1.1019
1939-12-16, -1.2162
1940-01-16, 0.06181
1940-02-15, 0.838
1940-03-16, 0.06824
1940-04-16, -0.36967
1940-05-16, -0.29794
1940-06-16, -1.9324
1940-07-16, -1.6292
1940-08-16, -1.1968
1940-09-16, -0.25956
1940-10-16, 0.60121
1940-11-16, -0.36936
1940-12-16, 0.95616
1941-01-16, 1.5509
1941-02-15, 1.4509
1941-03-16, 1.7888
1941-04-16, 1.9985
1941-05-16, 1.6742
1941-06-16, -0.23733
1941-07-16, 0.27108
1941-08-16, 0.42003
1941-09-16, 0.47083
1941-10-16, 1.0884
1941-11-16, 0.094036
1941-12-16, 1.3063
1942-01-16, 0.86725
1942-02-15, -1.1573
1942-03-16, -1.0689
1942-04-16, 0.49135
1942-05-16, 1.4374
1942-06-16, -0.38351
1942-07-16, -0.85211
1942-08-16, -1.011
1942-09-16, -0.70635
1942-10-16, -0.20264
1942-11-16, -0.21021
1942-12-16, -0.45018
1943-01-16, 1.318
1943-02-15, 1.1114
1943-03-16, 0.23172
1943-04-16, 0.69482
1943-05-16, -0.10722
1943-06-16, -0.99874
1943-07-16, -0.2521
1943-08-16, -0.74879
1943-09-16, -1.7528
1943-10-16, -1.0659
1943-11-16, -0.92549
1943-12-16, 0.3514
1944-01-16, 0.2526
1944-02-15, 0.59646
1944-03-16, 0.56663
1944-04-16, -0.45305
1944-05-16, 0.19886
1944-06-16, 0.41197
1944-07-16, 1.03
1944-08-16, -0.74879
1944-09-16, -1.7528
1944-10-16, -1.2856
1944-11-16, 1.3082
1944-12-16, 0.69317
1945-01-16, -1.2289
1945-02-15, -0.021725
1945-03-16, 0.93152
1945-04-16, 0.23937
1945-05-16, -0.76997
1945-06-16, 0.3297
1945-07-16, -0.10653
1945-08-16, -0.85865
1945-09-16, -1.1073
1945-10-16, 0.19175
1945-11-16, 0.13835
1945-12-16, 0.39553
1946-01-16, -0.28576
1946-02-15, -1.232
1946-03-16, -0.18633
1946-04-16, 0.07908
1946-05-16, -0.33742
1946-06-16, -0.038344
1946-07-16, -0.68408
1946-08-16, -0.45369
1946-09-16, -1.4668
1946-10-16, -0.53328
1946-11-16, 1.9264
1946-12-16, 1.412
1947-01-16, -0.64848
1947-02-15, -1.4213
1947-03-16, -1.1847
1947-04-16, -1.1475
1947-05-16, -1.2095
1947-06-16, -0.37845
1947-07-16, -1.0381
1947-08-16, -1.3163
1947-09-16, -1.0957
1947-10-16, -0.81938
1947-11-16, -0.76386
1947-12-16, -1.0043
1948-01-16, -1.5844
1948-02-15, -1.4543
1948-03-16, -0.093871
1948-04-16, 0.8764
1948-05-16, 1.1158
1948-06-16, 0.41649
1948-07-16, 0.073219
1948-08-16, -0.29154
1948-09-16, -1.2344
1948-10-16, -1.2464
1948-11-16, -1.3461
1948-12-16, -0.45645
1949-01-16, -0.13114
1949-02-15, -0.45981
1949-03-16, 0.10442
1949-04-16, -0.029802
1949-05-16, -0.48895
1949-06-16, 0.51468
1949-07-16, 0.024124
1949-08-16, -0.036872
1949-09-16, -0.86675
1949-10-16, -1.0437
1949-11-16, -0.70279
1949-12-16, -0.084582
1950-01-16, 0.2973
1950-02-15, -0.086816
1950-03-16, -0.67799
1950-04-16, -0.77933
1950-05-16, -0.35725
1950-06-16, 0.00093315
1950-07-16, 0.32361
1950-08-16, 0.16159
1950-09-16, 0.66375
1950-10-16, 1.1204
1950-11-16, 0.3303
1950-12-16, -0.58634
1951-01-16, -0.26541
1951-02-15, -0.38061
1951-03-16, -1.1568
1951-04-16, -0.44293
1951-05-16, 0.41962
1951-06-16, 0.000933
1951-07-16, 0.3178
1951-08-16, 0.0061313
1951-09-16, -0.23594
1951-10-16, -0.47412
1951-11-16, -0.058876
1951-12-16, 0.88592
1952-01-16, 1.6846
1952-02-15, 0.70347
1952-03-16, 0.53196
1952-04-16, 1.3474
1952-05-16, -0.082858
1952-06-16, -0.62679
1952-07-16, 0.53239
1952-08-16, -0.25485
1952-09-16, -1.0957
1952-10-16, -1.2638
1952-11-16, 0.77742
1952-12-16, 1.5378
1953-01-16, 0.46141
1953-02-15, -1.4323
1953-03-16, -1.5743
1953-04-16, -0.38254
1953-05-16, 0.51159
1953-06-16, -0.058056
1953-07-16, -0.51575
1953-08-16, -0.74144
1953-09-16, -0.41392
1953-10-16, -1.3763
1953-11-16, 0.19682
1953-12-16, -0.56293
1954-01-16, -0.081818
1954-02-15, 0.11202
1954-03-16, -0.06848
1954-04-16, 0.34578
1954-05-16, -0.58764
1954-06-16, -0.58117
1954-07-16, -1.2219
1954-08-16, -0.50541
1954-09-16, -0.30692
1954-10-16, -1.372
1954-11-16, -0.40091
1954-12-16, -0.14239
1955-01-16, 0.59744
1955-02-15, 0.22159
1955-03-16, -1.1758
1955-04-16, -0.55798
1955-05-16, 1.0743
1955-06-16, 0.98088
1955-07-16, 0.50487
1955-08-16, -0.32095
1955-09-16, -1.0724
1955-10-16, -0.82841
1955-11-16, -0.25172
1955-12-16, 1.175
1956-01-16, 1.294
1956-02-15, 0.00074694
1956-03-16, -1.4697
1956-04-16, -0.54771
1956-05-16, 1.3194
1956-06-16, 0.23647
1956-07-16, -0.6517
1956-08-16, 0.36682
1956-09-16, -1.0549
1956-10-16, -0.33339
1956-11-16, -0.90698
1956-12-16, -1.6399
1957-01-16, -0.30874
1957-02-15, 0.2311
1957-03-16, -0.41629
1957-04-16, -0.047139
1957-05-16, 1.0301
1957-06-16, 0.25057
1957-07-16, -1.8446
1957-08-16, -1.6242
1957-09-16, -1.0432
1957-10-16, 0.99308
1957-11-16, 0.58368
1957-12-16, 0.18206
1958-01-16, 0.25823
1958-02-15, 0.80836
1958-03-16, 1.5436
1958-04-16, 1.8689
1958-05-16, 1.7914
1958-06-16, -0.46454
1958-07-16, -0.056474
1958-08-16, 0.58813
1958-09-16, 1.0718
1958-10-16, -0.30625
1958-11-16, -1.2609
1958-12-16, -1.5315
1959-01-16, -1.3718
1959-02-15, 0.11991
1959-03-16, -0.57192
1959-04-16, -1.5785
1959-05-16, -0.49472
1959-06-16, -1.0582
1959-07-16, -1.815
1959-08-16, -1.1968
1959-09-16, 0.3757
1959-10-16, -0.55149
1959-11-16, -1.821
1959-12-16, -1.3634
1960-01-16, -0.33693
1960-02-15, 0.36288
1960-03-16, -0.18322
1960-04-16, -0.41698
1960-05-16, -0.2615
1960-06-16, -1.436
1960-07-16, -1.0381
1960-08-16, -0.73409
1960-09-16, -0.68847
1960-10-16, -0.75148
1960-11-16, 1.7822
1960-12-16, 0.72853
1961-01-16, -1.2874
1961-02-15, -1.513
1961-03-16, -1.4631
1961-04-16, -1.2029
1961-05-16, -0.75813
1961-06-16, -0.082761
1961-07-16, -1.0126
1961-08-16, -0.56452
1961-09-16, -0.083611
1961-10-16, -0.88703
1961-11-16, 0.63549
1961-12-16, 0.43057
1962-01-16, -0.33436
1962-02-15, 1.7752
1962-03-16, 1.7733
1962-04-16, -0.89551
1962-05-16, -1.1404
1962-06-16, 0.35271
1962-07-16, 0.69269
1962-08-16, -0.2842
1962-09-16, -0.49743
1962-10-16, 0.33417
1962-11-16, -0.58068
1962-12-16, -1.2666
1963-01-16, -1.0658
1963-02-15, -0.038153
1963-03-16, 0.44196
1963-04-16, 0.89239
1963-05-16, 1.6217
1963-06-16, 1.6513
1963-07-16, 1.0024
1963-08-16, 0.2447
1963-09-16, 1.0633
1963-10-16, 1.6123
1963-11-16, 1.6048
1963-12-16, -0.20507
1964-01-16, -1.2887
1964-02-15, -1.4396
1964-03-16, -1.3139
1964-04-16, -0.28743
1964-05-16, 0.44986
1964-06-16, 0.91983
1964-07-16, 0.33519
1964-08-16, 0.41342
1964-09-16, 0.1227
1964-10-16, 0.53136
1964-11-16, 1.0906
1964-12-16, 0.75818
1965-01-16, -0.15598
1965-02-15, -1.2127
1965-03-16, -0.89771
1965-04-16, 1.0079
1965-05-16, 1.7603
1965-06-16, 0.53664
1965-07-16, 1.3218
1965-08-16, 0.38685
1965-09-16, 0.24537
1965-10-16, -1.1543
1965-11-16, 2.0116
1965-12-16, 2.1451
1966-01-16, 0.11484
1966-02-15, -0.88088
1966-03-16, -1.3317
1966-04-16, -1.718
1966-05-16, -1.1674
1966-06-16, -0.2725
1966-07-16, -0.233
1966-08-16, -0.13079
1966-09-16, 0.17882
1966-10-16, -0.70158
1966-11-16, 0.59671
1966-12-16, 1.5408
1967-01-16, 1.0742
1967-02-15, -0.52639
1967-03-16, -0.71205
1967-04-16, 1.4758
1967-05-16, 2.0853
1967-06-16, 0.26463
1967-07-16, 0.43793
1967-08-16, -1.1827
1967-09-16, 0.32186
1967-10-16, -0.59245
1967-11-16, 0.77335
1967-12-16, 0.50276
1968-01-16, -0.86688
1968-02-15, -0.91869
1968-03-16, -0.41522
1968-04-16, -0.1527
1968-05-16, -0.5964
1968-06-16, -0.24737
1968-07-16, 0.17613
1968-08-16, 0.29937
1968-09-16, -0.23594
1968-10-16, 1.333
1968-11-16, 0.99377
1968-12-16, -0.059647
1969-01-16, 1.7991
1969-02-15, 2.2636
1969-03-16, 1.1329
1969-04-16, -0.20504
1969-05-16, 0.69039
1969-06-16, 0.90046
1969-07-16, 1.4199
1969-08-16, -0.47585
1969-09-16, -0.55715
1969-10-16, -0.41957
1969-11-16, -0.44571
1969-12-16, -0.88375
1970-01-16, -0.49658
1970-02-15, -0.13607
1970-03-16, -0.23837
1970-04-16, -0.35114
1970-05-16, -1.333
1970-06-16, -0.80365
1970-07-16, 0.22385
1970-08-16, -0.24752
1970-09-16, -1.4106
1970-10-16, -1.4704
1970-11-16, 1.1575
1970-12-16, 1.6224
1971-01-16, 0.21185
1971-02-15, -1.2998
1971-03-16, -1.3718
1971-04-16, -0.85617
1971-05-16, 0.76685
1971-06-16, 1.5274
1971-07-16, 0.134
1971-08-16, -0.74879
1971-09-16, -1.1189
1971-10-16, -0.95887
1971-11-16, -0.64968
1971-12-16, 1.0907
1972-01-16, 0.33809
1972-02-15, -1.6174
1972-03-16, -1.7699
1972-04-16, -1.6819
1972-05-16, -1.2306
1972-06-16, -0.89402
1972-07-16, -0.47696
1972-08-16, -0.59406
1972-09-16, -0.11272
1972-10-16, 0.65833
1972-11-16, 1.8792
1972-12-16, 0.88204
1973-01-16, 0.73209
1973-02-15, 1.4735
1973-03-16, 1.2198
1973-04-16, 0.27608
1973-05-16, -0.95747
1973-06-16, -1.1956
1973-07-16, -0.82631
1973-08-16, 0.38685
1973-09-16, 0.46038
1973-10-16, 0.3793
1973-11-16, 0.87328
1973-12-16, 0.40724
1974-01-16, 0.99931
1974-02-15, 0.19384
1974-03-16, -0.069493
1974-04-16, 0.79546
1974-05-16, -0.4515
1974-06-16, -0.52032
1974-07-16, -0.22027
1974-08-16, 0.38018
1974-09-16, 0.23986
1974-10-16, 1.1426
1974-11-16, 0.448
1974-12-16, 0.7
1975-01-16, -0.21357
1975-02-15, -0.55707
1975-03-16, 0.77446
1975-04-16, 0.898
1975-05-16, 0.34621
1975-06-16, 0.088525
1975-07-16, 0.81995
1975-08-16, 0.80797
1975-09-16, 0.1227
1975-10-16, 0.10175
1975-11-16, -0.53032
1975-12-16, -1.4793
1976-01-16, -2.1104
1976-02-15, -0.52185
1976-03-16, 0.0088819
1976-04-16, -0.4141
1976-05-16, -0.10993
1976-06-16, -1.5209
1976-07-16, -0.63228
1976-08-16, 1.247
1976-09-16, 2.7119
1976-10-16, 1.9347
1976-11-16, -0.80897
1976-12-16, -1.2133
1977-01-16, -0.75664
1977-02-15, -1.2284
1977-03-16, -1.3462
1977-04-16, -0.86675
1977-05-16, -0.055941
1977-06-16, 1.5539
1977-07-16, -0.17587
1977-08-16, 0.45294
1977-09-16, 0.63402
1977-10-16, -0.80129
1977-11-16, -1.3023
1977-12-16, 0.69727
1978-01-16, 1.5509
1978-02-15, 1.7982
1978-03-16, 2.0678
1978-04-16, 1.8249
1978-05-16, 0.6714
1978-06-16, -1.8337
1978-07-16, -0.41888
1978-08-16, -0.29154
1978-09-16, 1.4216
1978-10-16, 0.69957
1978-11-16, 0.33732
1978-12-16, 0.21387
1979-01-16, 0.43293
1979-02-15, 0.93063
1979-03-16, 0.98327
1979-04-16, 0.40102
1979-05-16, -1.2426
1979-06-16, -1.549
1979-07-16, -1.247
1979-08-16, -0.065666
1979-09-16, -0.92582
1979-10-16, -0.20713
1979-11-16, -0.17661
1979-12-16, -0.85791
1980-01-16, 0.53593
1980-02-15, 1.3861
1980-03-16, 1.0903
1980-04-16, 0.39286
1980-05-16, 0.54527
1980-06-16, 0.87704
1980-07-16, 0.2357
1980-08-16, 0.67544
1980-09-16, 0.38638
1980-10-16, -1.2158
1980-11-16, -1.8061
1980-12-16, -1.4668
1981-01-16, -0.45604
1981-02-15, -0.18804
1981-03-16, 0.56579
1981-04-16, 0.97942
1981-05-16, -0.55851
1981-06-16, -1.8157
1981-07-16, -1.815
1981-08-16, -0.74879
1981-09-16, -0.5034
1981-10-16, 0.2593
1981-11-16, 0.20166
1981-12-16, -0.68429
1982-01-16, -0.29086
1982-02-15, -0.40059
1982-03-16, 0.78062
1982-04-16, 1.7474
1982-05-16, 1.1879
1982-06-16, 1.2146
1982-07-16, 1.4276
1982-08-16, 0.36012
1982-09-16, 1.4541
1982-10-16, 1.2623
1982-11-16, 1.791
1982-12-16, 1.2397
1983-01-16, 1.1262
1983-02-15, 1.3666
1983-03-16, 1.5492
1983-04-16, 1.8302
1983-05-16, 1.3735
1983-06-16, 0.53226
1983-07-16, 0.49381
1983-08-16, 0.83144
1983-09-16, 1.1634
1983-10-16, 0.71443
1983-11-16, 1.4228
1983-12-16, 1.3174
1984-01-16, -0.39236
1984-02-15, -1.7176
1984-03-16, -1.5987
1984-04-16, -1.2862
1984-05-16, -1.6562
1984-06-16, -1.8742
1984-07-16, -0.38024
1984-08-16, -0.20362
1984-09-16, -0.14778
1984-10-16, 0.049699
1984-11-16, 1.087
1984-12-16, 1.0943
1985-01-16, -0.064676
1985-02-15, -1.0806
1985-03-16, -0.69446
1985-04-16, -0.71344
1985-05-16, -1.4175
1985-06-16, -1.0878
1985-07-16, -1.4952
1985-08-16, -1.0614
1985-09-16, 0.53294
1985-10-16, 0.43603
1985-11-16, 1.2969
1985-12-16, 0.26505
1986-01-16, -1.1133
1986-02-15, 0.25663
1986-03-16, 1.1329
1986-04-16, 0.76776
1986-05-16, -0.73448
1986-06-16, -1.2053
1986-07-16, 0.18212
1986-08-16, -0.008177
1986-09-16, 1.6058
1986-10-16, 0.99977
1986-11-16, -0.69217
1986-12-16, -0.74762
1987-01-16, -0.70846
1987-02-15, -0.62686
1987-03-16, -0.24988
1987-04-16, -0.40835
1987-05-16, -1.6411
1987-06-16, -0.3734
1987-07-16, 1.219
1987-08-16, 1.4052
1987-09-16, -0.29507
1987-10-16, 0.76951
1987-11-16, 1.438
1987-12-16, 1.0236
1988-01-16, 0.25935
1988-02-15, -0.62342
1988-03-16, -1.3462
1988-04-16, -0.394
1988-05-16, 0.78909
1988-06-16, -0.44934
1988-07-16, 0.39831
1988-08-16, 0.41342
1988-09-16, -0.025693
1988-10-16, -0.74695
1988-11-16, -0.27255
1988-12-16, 0.68633
1989-01-16, -0.15349
1989-02-15, -0.94593
1989-03-16, -0.79474
1989-04-16, -1.2862
1989-05-16, -1.1374
1989-06-16, -0.14731
1989-07-16, -0.43177
1989-08-16, 0.15461
1989-09-16, 1.4253
1989-10-16, 0.99643
1989-11-16, -0.83283
1989-12-16, -1.7105
1990-01-16, -1.0495
1990-02-15, -0.40615
1990-03-16, -1.1
1990-04-16, -1.3776
1990-05-16, -0.31201
1990-06-16, -0.21226
1990-07-16, -1.4275
1990-08-16, 0.21714
1990-09-16, 0.46038
1990-10-16, -0.94543
1990-11-16, -1.162
1990-12-16, -1.2436
1991-01-16, -1.3023
1991-02-15, -0.98155
1991-03-16, 1.5134
1991-04-16, 1.8741
1991-05-16, -1.0983
1991-06-16, 0.01072
1991-07-16, 1.0117
1991-08-16, 1.0342
1991-09-16, 0.014587
1991-10-16, -0.56059
1991-11-16, -1.1959
1991-12-16, -0.39835
1992-01-16, 0.014068
1992-02-15, 0.91656
1992-03-16, 1.2939
1992-04-16, -0.08878
1992-05-16, -1.6501
1992-06-16, -0.10258
1992-07-16, 0.8887
1992-08-16, -0.4463
1992-09-16, -1.5834
1992-10-16, 0.20872
1992-11-16, -0.57803
1992-12-16, 0.26955
1993-01-16, 1.7332
1993-02-15, 1.7577
1993-03-16, 1.1101
1993-04-16, -0.1623
1993-05-16, -1.5776
1993-06-16, -1.3885
1993-07-16, 0.18811
1993-08-16, 0.95156
1993-09-16, -0.49743
1993-10-16, -0.88703
1993-11-16, -0.30647
1993-12-16, -0.50192
1994-01-16, -0.8534
1994-02-15, -0.07122
1994-03-16, 0.037675
1994-04-16, -0.48931
1994-05-16, 0.40086
1994-06-16, 0.17015
1994-07-16, -0.45113
1994-08-16, -0.065666
1994-09-16, 0.12834
1994-10-16, 0.90448
1994-11-16, 0.9919
1994-12-16, 0.36762
1995-01-16, 1.6655
1995-02-15, 1.2954
1995-03-16, 1.1949
1995-04-16, 1.647
1995-05-16, 0.58072
1995-06-16, 1.5095
1995-07-16, 0.34097
1995-08-16, -0.49802
1995-09-16, -1.0374
1995-10-16, -1.5086
1995-11-16, -1.6338
1995-12-16, -0.81058
1996-01-16, -0.50313
1996-02-15, 0.74005
1996-03-16, 0.76518
1996-04-16, -0.76282
1996-05-16, -0.84713
1996-06-16, -0.60652
1996-07-16, -0.81986
1996-08-16, -0.95321
1996-09-16, -0.68847
1996-10-16, 1.3038
1996-11-16, 1.3905
1996-12-16, 1.3624
1997-01-16, 1.4349
1997-02-15, 0.19095
1997-03-16, -1.6265
1997-04-16, -1.6693
1997-05-16, -1.8594
1997-06-16, -1.2926
1997-07-16, 1.3458
1997-08-16, 1.4869
1997-09-16, 0.46038
1997-10-16, -0.046787
1997-11-16, 1.2985
1997-12-16, 1.5175
1998-01-16, 0.83514
1998-02-15, 1.9868
1998-03-16, 2.1447
1998-04-16, 1.1488
1998-05-16, 1.8185
1998-06-16, 2.4961
1998-07-16, 2.0187
1998-08-16, 0.9683
1998-09-16, 1.3135
1998-10-16, 1.3214
1998-11-16, 0.84569
1998-12-16, -0.0083635
1999-01-16, -0.10149
1999-02-15, -0.18697
1999-03-16, 0.044596
1999-04-16, 1.0402
1999-05-16, 1.3765
1999-06-16, 1.5656
1999-07-16, 2.052
1999-08-16, 2.2405
1999-09-16, 1.722
1999-10-16, -0.22959
1999-11-16, -0.63641
1999-12-16, -1.1901
2000-01-16, -1.169
2000-02-15, 0.91514
2000-03-16, 1.1029
2000-04-16, 0.62577
2000-05-16, 0.82499
2000-06-16, -0.31784
2000-07-16, 1.4729
2000-08-16, 1.9936
2000-09-16, 0.85013
2000-10-16, 1.393
2000-11-16, 0.54423
2000-12-16, -1.2017
2001-01-16, 0.11367
2001-02-15, 1.2161
2001-03-16, 0.90769
2001-04-16, 0.7092
2001-05-16, 0.10465
2001-06-16, -1.7201
2001-07-16, 0.53239
2001-08-16, 1.4464
2001-09-16, 0.54829
2001-10-16, 0.11038
2001-11-16, 1.1172
2001-12-16, 0.67536
2002-01-16, -0.50707
2002-02-15, -1.2986
2002-03-16, -1.2136
2002-04-16, -0.59769
2002-05-16, 0.010638
2002-06-16, 0.62312
2002-07-16, 0.83977
2002-08-16, 1.4419
2002-09-16, 1.0117
2002-10-16, 0.30105
2002-11-16, 1.2492
2002-12-16, 1.4543
2003-01-16, -0.36008
2003-02-15, -0.61767
2003-03-16, 0.21002
2003-04-16, 0.52816
2003-05-16, 1.4684
2003-06-16, 1.3925
2003-07-16, 0.62956
2003-08-16, 0.93472
2003-09-16, 0.76082
2003-10-16, -0.37871
2003-11-16, 0.36298
2003-12-16, 0.24704
2004-01-16, -0.7098
2004-02-15, 0.31995
2004-03-16, 0.089793
2004-04-16, -1.5379
2004-05-16, -1.2878
2004-06-16, -0.20224
2004-07-16, 0.97447
2004-08-16, 1.2717
2004-09-16, 0.40767
2004-10-16, 2.1171
2004-11-16, 1.537
2004-12-16, 1.3251
2005-01-16, 1.8974
2005-02-15, 1.5734
2005-03-16, 0.87772
2005-04-16, 0.45628
2005-05-16, 0.9628
2005-06-16, 1.8808
2005-07-16, 1.2566
2005-08-16, 0.88929
2005-09-16, 1.4433
2005-10-16, 1.6149
2005-11-16, 0.39078
2005-12-16, -0.43605
2006-01-16, -0.011217
2006-02-15, -0.24817
2006-03-16, 0.42255
2006-04-16, 1.6143
2006-05-16, 1.8296
2006-06-16, 0.10301
2006-07-16, -1.605
2006-08-16, -0.38725
2006-09-16, 0.78932
2006-10-16, 0.67714
2006-11-16, -0.29863
2006-12-16, -0.91406
2007-01-16, -0.88711
2007-02-15, -0.53547
2007-03-16, -0.94322
2007-04-16, -1.243
2007-05-16, -0.49761
2007-06-16, -0.048194
2007-07-16, 0.66655
2007-08-16, 1.161
2007-09-16, 1.4469
2007-10-16, 1.1331
2007-11-16, -0.5012
2007-12-16, -0.75532
2008-01-16, 1.1386
2008-02-15, 0.89882
2008-03-16, -1.0132
2008-04-16, -1.2831
2008-05-16, -0.46013
2008-06-16, 0.0058279
2008-07-16, 0.4938
2008-08-16, 0.99595
2008-09-16, -0.071995
2008-10-16, -0.93197
2008-11-16, 0.0067871
2008-12-16, 0.02261
2009-01-16, -1.1106
2009-02-15, -0.41618
2009-03-16, -0.070506
2009-04-16, -0.84106
2009-05-16, -0.77293
2009-06-16, 0.53664
2009-07-16, 1.4579
2009-08-16, 0.94596
2009-09-16, 0.10576
2009-10-16, 1.1108
2009-11-16, 0.11624
2009-12-16, -0.047196
2010-01-16, 0.78973
2010-02-15, 0.62675
2010-03-16, -0.20293
2010-04-16, 0.14185
2010-05-16, 1.5422
2010-06-16, 1.7227
2010-07-16, 1.7477
2010-08-16, 2.134
2010-09-16, 1.1999
2010-10-16, 1.4624
2010-11-16, 1.0491
2010-12-16, 1.6641
2011-01-16, 0.94802
2011-02-15, -0.16251
2011-03-16, 0.90987
2011-04-16, 0.93135
2011-05-16, 0.4637
2011-06-16, 1.8783
2011-07-16, 2.0018
2011-08-16, 1.9194
2011-09-16, 1.0803
2011-10-16, 0.94575
2011-11-16, 1.016
2011-12-16, -0.3229
2012-01-16, -1.021
2012-02-15, -1.0877
2012-03-16, -0.45603
2012-04-16, 0.76477
2012-05-16, 0.99402
2012-06-16, 0.57149
2012-07-16, 1.6851
2012-08-16, 1.3106
2012-09-16, -0.04881
2012-10-16, -0.18471
2012-11-16, -0.10983
2012-12-16, 0.37057
2013-01-16, -0.26795
2013-02-15, -1.1645
2013-03-16, -0.9721
2013-04-16, -0.99434
2013-05-16, -1.1855
2013-06-16, -0.35318
2013-07-16, 0.52141
2013-08-16, 1.3058
2013-09-16, 1.0505
2013-10-16, 0.25511
2013-11-16, -0.47476
2013-12-16, -1.2752
2014-01-16, -2.0194
2014-02-15, -1.0782
2014-03-16, -0.63852
2014-04-16, -1.0677
2014-05-16, -1.3149
2014-06-16, -1.2974
2014-07-16, -0.05024
2014-08-16, 0.49856
2014-09-16, 0.39704
2014-10-16, -0.45593
2014-11-16, -0.86198
2014-12-16, 0.68222
2015-01-16, -0.04638
2015-02-15, -1.7747
2015-03-16, -1.8778
2015-04-16, -1.5441
2015-05-16, 0.38906
2015-06-16, 0.99217
2015-07-16, 0.47156
2015-08-16, 0.55002
2015-09-16, 0.0088467
2015-10-16, -0.78319
2015-11-16, -0.27515
2015-12-16, 0.024157
2016-01-16, 0.33481
2016-02-15, -0.61997
2016-03-16, -0.86002
2016-04-16, -0.17467
2016-05-16, -0.49183
2016-06-16, 0.1606
2016-07-16, 0.1521
2016-08-16, 0.94035
2016-09-16, 0.42884
2016-10-16, 0.79487
2016-11-16, 0.52432
2016-12-16, 0.3882
2017-01-16, 1.5227
2017-02-15, 1.6409
2017-03-16, 0.3427
2017-04-16, -0.59917
2017-05-16, 0.54973
2017-06-16, 0.68234
2017-07-16, -0.02536
2017-08-16, -0.065666
2017-09-16, 0.41297
2017-10-16, -0.75148
2017-11-16, -1.2816
2017-12-16, -1.5846
2018-01-16, -1.429
2018-02-15, -1.3155
2018-03-16, -0.49704
2018-04-16, 0.28943
2018-05-16, -0.27269
2018-06-16, 0.25995
2018-07-16, -0.6517
2018-08-16, -0.95321
2018-09-16, 0.060335
2018-10-16, 0.14907
2018-11-16, 0.2926
2018-12-16, -0.21606
